RequestLabel,Tick,RPS,P50,P95,P99
test_runner,1,100,46,318,358
test_runner,2,100,46,47,48
test_runner,3,101,46,48,49
test_runner,4,100,45,47,48
test_runner,5,301,46,47,48
test_runner,6,301,46,47,47
test_runner,7,301,46,47,47
test_runner,8,301,46,47,48
test_runner,9,300,46,47,51
test_runner,10,500,46,47,48
test_runner,11,500,46,47,48
test_runner,12,500,46,47,48
test_runner,13,500,46,47,49
test_runner,14,500,46,47,48
test_runner,15,700,46,47,48
test_runner,16,701,45,47,48
test_runner,17,700,45,47,53
test_runner,18,701,45,47,48
test_runner,19,701,46,47,48
test_runner,20,900,45,47,48
test_runner,21,901,45,47,48
test_runner,22,901,46,48,50
test_runner,23,900,46,47,48
test_runner,24,901,45,47,48
test_runner,25,1100,45,47,48
test_runner,26,1101,47,216,244
test_runner,27,1101,46,48,49
test_runner,28,1100,46,48,49
test_runner,29,1100,46,48,49
